Workbook
Name AllContacts: Contacts!$A$2:INDEX(Contacts!$A:$A,COUNTA(Contacts!$A:$A))

Sheet Contacts
A1: Contact Name | B1: Phone Number | C1: Email | D1: Birthday | E1: Family | F1: Last Contact Date | G1: Days Since Last Contact | H1: Days Until Birthday | I1: Birthday Status | J1: Notes | M1: Quick Contact Lookup
A2: Ashley Lewis | B2: (555) 678-9013 | C2: ashley.l@email.com | D2: 34334 | E2: Friend | F2: 45655 | G2: =TODAY()-F2 -> 367 | H2: =IF(DATE(YEAR(TODAY()),MONTH(D2),DAY(D2))<TODAY(),DATEDIF(TODAY(),DATE(YEAR(TODAY())+1,MONTH(D2),DAY(D2)),"D"),DATEDIF(TODAY(),DATE(YEAR(TODAY()),MONTH(D2),DAY(D2)),"D")) -> 0 | I2: =IF(H2=0,"TODAY!",IF(H2<=7,"This Week",IF(H2<=30,"This Month",""))) -> TODAY! | J2: Yoga instructor
A3: Michelle Clark | B3: (555) 456-7891 | C3: michelle.c@email.com | D3: 33605 | E3: Client | F3: 45644 | G3: =TODAY()-F3 -> 378 | H3: =IF(DATE(YEAR(TODAY()),MONTH(D3),DAY(D3))<TODAY(),DATEDIF(TODAY(),DATE(YEAR(TODAY())+1,MONTH(D3),DAY(D3)),"D"),DATEDIF(TODAY(),DATE(YEAR(TODAY()),MONTH(D3),DAY(D3)),"D")) -> 2 | I3: =IF(H3=0,"TODAY!",IF(H3<=7,"This Week",IF(H3<=30,"This Month",""))) -> This Week | J3: Design consultant | M3: Search Name: | N3: Sarah Johnson
A4: Sarah Johnson | B4: (555) 234-5678 | C4: sarah.j@email.com | D4: 32878 | E4: Family | F4: 46011 | G4: =TODAY()-F4 -> 11 | H4: =IF(DATE(YEAR(TODAY()),MONTH(D4),DAY(D4))<TODAY(),DATEDIF(TODAY(),DATE(YEAR(TODAY())+1,MONTH(D4),DAY(D4)),"D"),DATEDIF(TODAY(),DATE(YEAR(TODAY()),MONTH(D4),DAY(D4)),"D")) -> 5 | I4: =IF(H4=0,"TODAY!",IF(H4<=7,"This Week",IF(H4<=30,"This Month",""))) -> This Week | J4: Sister, lives in New York | M4: Phone: | N4: =IFERROR(VLOOKUP(N3, A:B, 2, FALSE), "Not Found") -> (555) 234-5678
A5: Lisa Anderson | B5: (555) 678-9012 | C5: lisa.a@email.com | D5: 33246 | E5: Family | F5: 45651 | G5: =TODAY()-F5 -> 371 | H5: =IF(DATE(YEAR(TODAY()),MONTH(D5),DAY(D5))<TODAY(),DATEDIF(TODAY(),DATE(YEAR(TODAY())+1,MONTH(D5),DAY(D5)),"D"),DATEDIF(TODAY(),DATE(YEAR(TODAY()),MONTH(D5),DAY(D5)),"D")) -> 8 | I5: =IF(H5=0,"TODAY!",IF(H5<=7,"This Week",IF(H5<=30,"This Month",""))) -> This Month | J5: Cousin, teacher | M5: Email: | N5: =IFERROR(VLOOKUP(N3,A:C,3,FALSE),"Not Found") -> sarah.j@email.com
A6: Laura Hill | B6: (555) 456-7892 | C6: laura.h@email.com | D6: 33622 | E6: Work | F6: 45629 | G6: =TODAY()-F6 -> 393 | H6: =IF(DATE(YEAR(TODAY()),MONTH(D6),DAY(D6))<TODAY(),DATEDIF(TODAY(),DATE(YEAR(TODAY())+1,MONTH(D6),DAY(D6)),"D"),DATEDIF(TODAY(),DATE(YEAR(TODAY()),MONTH(D6),DAY(D6)),"D")) -> 19 | I6: =IF(H6=0,"TODAY!",IF(H6<=7,"This Week",IF(H6<=30,"This Month",""))) -> This Month | J6: Finance director | M6: Birthday: | N6: =IFERROR(VLOOKUP(N3, A:D, 4, FALSE), "Not Found") -> 32878
A7: Stephanie Young | B7: (555) 012-3457 | C7: steph.y@email.com | D7: 34374 | E7: Work | F7: 45282 | G7: =TODAY()-F7 -> 740 | H7: =IF(DATE(YEAR(TODAY()),MONTH(D7),DAY(D7))<TODAY(),DATEDIF(TODAY(),DATE(YEAR(TODAY())+1,MONTH(D7),DAY(D7)),"D"),DATEDIF(TODAY(),DATE(YEAR(TODAY()),MONTH(D7),DAY(D7)),"D")) -> 40 | I7: =IF(H7=0,"TODAY!",IF(H7<=7,"This Week",IF(H7<=30,"This Month",""))) | J7: UX designer | M7: Category: | N7: =IFERROR(VLOOKUP(N3, A:E, 5, FALSE), "Not Found") -> Family
A8: Amanda White | B8: (555) 012-3456 | C8: amanda.w@email.com | D8: 34379 | E8: Friend | F8: 45636 | G8: =TODAY()-F8 -> 386 | H8: =IF(DATE(YEAR(TODAY()),MONTH(D8),DAY(D8))<TODAY(),DATEDIF(TODAY(),DATE(YEAR(TODAY())+1,MONTH(D8),DAY(D8)),"D"),DATEDIF(TODAY(),DATE(YEAR(TODAY()),MONTH(D8),DAY(D8)),"D")) -> 45 | I8: =IF(H8=0,"TODAY!",IF(H8<=7,"This Week",IF(H8<=30,"This Month",""))) | J8: Neighbor, loves hiking | M8: Last Contact: | N8: =IFERROR(VLOOKUP(N3, A:F, 6, FALSE), "Not Found") -> 46011
A9: Patrick Adams | B9: (555) 789-0125 | C9: patrick.a@email.com | D9: 31476 | E9: Work | F9: 45986 | G9: =TODAY()-F9 -> 36 | H9: =IF(DATE(YEAR(TODAY()),MONTH(D9),DAY(D9))<TODAY(),DATEDIF(TODAY(),DATE(YEAR(TODAY())+1,MONTH(D9),DAY(D9)),"D"),DATEDIF(TODAY(),DATE(YEAR(TODAY()),MONTH(D9),DAY(D9)),"D")) -> 64 | I9: =IF(H9=0,"TODAY!",IF(H9<=7,"This Week",IF(H9<=30,"This Month",""))) | J9: IT support | M9: Days Since Contact: | N9: =IFERROR(VLOOKUP(N3, A:G, 7, FALSE), "Not Found") -> 11
A10: John Smith | B10: (555) 123-4567 | C10: john.smith@email.com | D10: 31121 | E10: Friend | F10: 45992 | G10: =TODAY()-F10 -> 30 | H10: =IF(DATE(YEAR(TODAY()),MONTH(D10),DAY(D10))<TODAY(),DATEDIF(TODAY(),DATE(YEAR(TODAY())+1,MONTH(D10),DAY(D10)),"D"),DATEDIF(TODAY(),DATE(YEAR(TODAY()),MONTH(D10),DAY(D10)),"D")) -> 74 | I10: =IF(H10=0,"TODAY!",IF(H10<=7,"This Week",IF(H10<=30,"This Month",""))) | J10: College friend, works in tech
A11: Matthew Rodriguez | B11: (555) 567-8902 | C11: matt.r@email.com | D11: 31856 | E11: Work | F11: 45996 | G11: =TODAY()-F11 -> 26 | H11: =IF(DATE(YEAR(TODAY()),MONTH(D11),DAY(D11))<TODAY(),DATEDIF(TODAY(),DATE(YEAR(TODAY())+1,MONTH(D11),DAY(D11)),"D"),DATEDIF(TODAY(),DATE(YEAR(TODAY()),MONTH(D11),DAY(D11)),"D")) -> 79 | I11: =IF(H11=0,"TODAY!",IF(H11<=7,"This Week",IF(H11<=30,"This Month",""))) | J11: Account manager
A12: Jennifer Brown | B12: (555) 890-1234 | C12: j.brown@email.com | D12: 34077 | E12: Work | F12: 46006 | G12: =TODAY()-F12 -> 16 | H12: =IF(DATE(YEAR(TODAY()),MONTH(D12),DAY(D12))<TODAY(),DATEDIF(TODAY(),DATE(YEAR(TODAY())+1,MONTH(D12),DAY(D12)),"D"),DATEDIF(TODAY(),DATE(YEAR(TODAY()),MONTH(D12),DAY(D12)),"D")) -> 108 | I12: =IF(H12=0,"TODAY!",IF(H12<=7,"This Week",IF(H12<=30,"This Month",""))) | J12: HR manager
A13: Rachel Wright | B13: (555) 234-5680 | C13: rachel.w@email.com | D13: 33358 | E13: Friend | F13: 45634 | G13: =TODAY()-F13 -> 388 | H13: =IF(DATE(YEAR(TODAY()),MONTH(D13),DAY(D13))<TODAY(),DATEDIF(TODAY(),DATE(YEAR(TODAY())+1,MONTH(D13),DAY(D13)),"D"),DATEDIF(TODAY(),DATE(YEAR(TODAY()),MONTH(D13),DAY(D13)),"D")) -> 120 | I13: =IF(H13=0,"TODAY!",IF(H13<=7,"This Week",IF(H13<=30,"This Month",""))) | J13: Book club friend
A14: David Martinez | B14: (555) 567-8901 | C14: d.martinez@email.com | D14: 31907 | E14: Client | F14: 45595 | G14: =TODAY()-F14 -> 427 | H14: =IF(DATE(YEAR(TODAY()),MONTH(D14),DAY(D14))<TODAY(),DATEDIF(TODAY(),DATE(YEAR(TODAY())+1,MONTH(D14),DAY(D14)),"D"),DATEDIF(TODAY(),DATE(YEAR(TODAY()),MONTH(D14),DAY(D14)),"D")) -> 130 | I14: =IF(H14=0,"TODAY!",IF(H14<=7,"This Week",IF(H14<=30,"This Month",""))) | J14: Marketing client, big account
A15: Nicole Hall | B15: (555) 890-1235 | C15: nicole.h@email.com | D15: 33009 | E15: Client | F15: 45638 | G15: =TODAY()-F15 -> 384 | H15: =IF(DATE(YEAR(TODAY()),MONTH(D15),DAY(D15))<TODAY(),DATEDIF(TODAY(),DATE(YEAR(TODAY())+1,MONTH(D15),DAY(D15)),"D"),DATEDIF(TODAY(),DATE(YEAR(TODAY()),MONTH(D15),DAY(D15)),"D")) -> 136 | I15: =IF(H15=0,"TODAY!",IF(H15<=7,"This Week",IF(H15<=30,"This Month",""))) | J15: Event planner
A16: Heather Carter | B16: (555) 012-3458 | C16: heather.c@email.com | D16: 33381 | E16: Client | F16: 45645 | G16: =TODAY()-F16 -> 377 | H16: =IF(DATE(YEAR(TODAY()),MONTH(D16),DAY(D16))<TODAY(),DATEDIF(TODAY(),DATE(YEAR(TODAY())+1,MONTH(D16),DAY(D16)),"D"),DATEDIF(TODAY(),DATE(YEAR(TODAY()),MONTH(D16),DAY(D16)),"D")) -> 143 | I16: =IF(H16=0,"TODAY!",IF(H16<=7,"This Week",IF(H16<=30,"This Month",""))) | J16: Marketing director
A17: Andrew Scott | B17: (555) 567-8903 | C17: andrew.s@email.com | D17: 32671 | E17: Friend | F17: 45606 | G17: =TODAY()-F17 -> 416 | H17: =IF(DATE(YEAR(TODAY()),MONTH(D17),DAY(D17))<TODAY(),DATEDIF(TODAY(),DATE(YEAR(TODAY())+1,MONTH(D17),DAY(D17)),"D"),DATEDIF(TODAY(),DATE(YEAR(TODAY()),MONTH(D17),DAY(D17)),"D")) -> 163 | I17: =IF(H17=0,"TODAY!",IF(H17<=7,"This Week",IF(H17<=30,"This Month",""))) | J17: Travel buddy
A18: Jessica Garcia | B18: (555) 234-5679 | C18: jessica.g@email.com | D18: 33414 | E18: Family | F18: 46015 | G18: =TODAY()-F18 -> 7 | H18: =IF(DATE(YEAR(TODAY()),MONTH(D18),DAY(D18))<TODAY(),DATEDIF(TODAY(),DATE(YEAR(TODAY())+1,MONTH(D18),DAY(D18)),"D"),DATEDIF(TODAY(),DATE(YEAR(TODAY()),MONTH(D18),DAY(D18)),"D")) -> 176 | I18: =IF(H18=0,"TODAY!",IF(H18<=7,"This Week",IF(H18<=30,"This Month",""))) | J18: Aunt, retired nurse
A19: Joshua Walker | B19: (555) 789-0124 | C19: josh.w@email.com | D19: 32696 | E19: Family | F19: 45618 | G19: =TODAY()-F19 -> 404 | H19: =IF(DATE(YEAR(TODAY()),MONTH(D19),DAY(D19))<TODAY(),DATEDIF(TODAY(),DATE(YEAR(TODAY())+1,MONTH(D19),DAY(D19)),"D"),DATEDIF(TODAY(),DATE(YEAR(TODAY()),MONTH(D19),DAY(D19)),"D")) -> 188 | I19: =IF(H19=0,"TODAY!",IF(H19<=7,"This Week",IF(H19<=30,"This Month",""))) | J19: Brother, lawyer
A20: Karen Baker | B20: (555) 890-1236 | C20: karen.b@email.com | D20: 33071 | E20: Family | F20: 45653 | G20: =TODAY()-F20 -> 369 | H20: =IF(DATE(YEAR(TODAY()),MONTH(D20),DAY(D20))<TODAY(),DATEDIF(TODAY(),DATE(YEAR(TODAY())+1,MONTH(D20),DAY(D20)),"D"),DATEDIF(TODAY(),DATE(YEAR(TODAY()),MONTH(D20),DAY(D20)),"D")) -> 198 | I20: =IF(H20=0,"TODAY!",IF(H20<=7,"This Week",IF(H20<=30,"This Month",""))) | J20: Mother-in-law
A21: Michael Chen | B21: (555) 345-6789 | C21: m.chen@email.com | D21: 32346 | E21: Work | F21: 45976 | G21: =TODAY()-F21 -> 46 | H21: =IF(DATE(YEAR(TODAY()),MONTH(D21),DAY(D21))<TODAY(),DATEDIF(TODAY(),DATE(YEAR(TODAY())+1,MONTH(D21),DAY(D21)),"D"),DATEDIF(TODAY(),DATE(YEAR(TODAY()),MONTH(D21),DAY(D21)),"D")) -> 203 | I21: =IF(H21=0,"TODAY!",IF(H21<=7,"This Week",IF(H21<=30,"This Month",""))) | J21: Colleague, project manager
... A31: Emily Davis | B31: (555) 456-7890 | C31: emily.davis@email.com | D31: 33968 | E31: Friend | F31: 46019 | G31: =TODAY()-F31 -> 3 | H31: =IF(DATE(YEAR(TODAY()),MONTH(D31),DAY(D31))<TODAY(),DATEDIF(TODAY(),DATE(YEAR(TODAY())+1,MONTH(D31),DAY(D31)),"D"),DATEDIF(TODAY(),DATE(YEAR(TODAY()),MONTH(D31),DAY(D31)),"D")) -> 364 | I31: =IF(H31=0,"TODAY!",IF(H31<=7,"This Week",IF(H31<=30,"This Month",""))) | J31: Gym buddy, personal trainer

Sheet Dashboard
A1: Contact Database Dashboard
A3: Total Contacts | B3: =COUNTA(Contacts!A:A)-1 -> 30 | C3: Birthdays Today | D3: =COUNTIF(Contacts!I:I,"TODAY!") -> 1 | E3: Birthdays This Week | F3: =COUNTIF(Contacts!I:I,"This Week") -> 2
A5: Birthdays This Month | B5: =COUNTIF(Contacts!I:I,"This Month") -> 2 | C5: Need Follow-up (30+ days) | D5: =COUNTIF(Contacts!G:G,">30") -> 23 | E5: Urgent Follow-up (90+ days) | F5: =COUNTIF(Contacts!G:G,">90") -> 21
A7: UPCOMING BIRTHDAYS
A8: Contact Name | B8: Birthday | C8: Days Until | D8: Category | E8: Phone | F8: Email
A9: Ashley Lewis | B9: 34334 | C9: =IF(DATE(YEAR(TODAY()),MONTH(B9),DAY(B9))<TODAY(), DATEDIF(TODAY(),DATE(YEAR(TODAY())+1,MONTH(B9),DAY(B9)),"D"), DATEDIF(TODAY(),DATE(YEAR(TODAY()),MONTH(B9),DAY(B9)),"D")) -> 0 | D9: Friend | E9: (555) 678-9013 | F9: ashley.l@email.com
A10: Michelle Clark | B10: 33605 | C10: =IF(DATE(YEAR(TODAY()),MONTH(B10),DAY(B10))<TODAY(), DATEDIF(TODAY(),DATE(YEAR(TODAY())+1,MONTH(B10),DAY(B10)),"D"), DATEDIF(TODAY(),DATE(YEAR(TODAY()),MONTH(B10),DAY(B10)),"D")) -> 2 | D10: Client | E10: (555) 456-7891 | F10: michelle.c@email.com
A11: Sarah Johnson | B11: 32878 | C11: =IF(DATE(YEAR(TODAY()),MONTH(B11),DAY(B11))<TODAY(), DATEDIF(TODAY(),DATE(YEAR(TODAY())+1,MONTH(B11),DAY(B11)),"D"), DATEDIF(TODAY(),DATE(YEAR(TODAY()),MONTH(B11),DAY(B11)),"D")) -> 5 | D11: Family | E11: (555) 234-5678 | F11: sarah.j@email.com
A12: Lisa Anderson | B12: 33246 | C12: =IF(DATE(YEAR(TODAY()),MONTH(B12),DAY(B12))<TODAY(), DATEDIF(TODAY(),DATE(YEAR(TODAY())+1,MONTH(B12),DAY(B12)),"D"), DATEDIF(TODAY(),DATE(YEAR(TODAY()),MONTH(B12),DAY(B12)),"D")) -> 8 | D12: Family | E12: (555) 678-9012 | F12: lisa.a@email.com
A13: Laura Hill | B13: 33622 | C13: =IF(DATE(YEAR(TODAY()),MONTH(B13),DAY(B13))<TODAY(), DATEDIF(TODAY(),DATE(YEAR(TODAY())+1,MONTH(B13),DAY(B13)),"D"), DATEDIF(TODAY(),DATE(YEAR(TODAY()),MONTH(B13),DAY(B13)),"D")) -> 19 | D13: Work | E13: (555) 456-7892 | F13: laura.h@email.com
A15: CONTACTS BY CATEGORY
A16: Category | B16: Count
A17: Family | B17: =COUNTIF(Contacts!E:E,"Family") -> 7
A18: Friend | B18: =COUNTIF(Contacts!E:E,"Friend") -> 10
A19: Work | B19: =COUNTIF(Contacts!E:E,"Work") -> 7
A20: Client | B20: =COUNTIF(Contacts!E:E,"Client") -> 7
